<TICKER>,<DTYYYYMMDD>,<CLOSE>,<OPEN>
Kamyab.Ashena.ETF,20260217,32097,32056
Kamyab.Ashena.ETF,20260216,32056,32014
Kamyab.Ashena.ETF,20260215,32014,31972
Kamyab.Ashena.ETF,20260214,31972,31920
Kamyab.Ashena.ETF,20260210,31920,31869
Kamyab.Ashena.ETF,20260209,31869,31824
Kamyab.Ashena.ETF,20260208,31824,31779
Kamyab.Ashena.ETF,20260207,31779,31729
Kamyab.Ashena.ETF,20260203,31729,31678
Kamyab.Ashena.ETF,20260202,31678,31631
Kamyab.Ashena.ETF,20260201,31631,31591
Kamyab.Ashena.ETF,20260131,31591,31549
Kamyab.Ashena.ETF,20260128,31549,31509
Kamyab.Ashena.ETF,20260127,31509,31471
Kamyab.Ashena.ETF,20260126,31471,31432
Kamyab.Ashena.ETF,20260125,31432,31393
Kamyab.Ashena.ETF,20260124,31393,31354
Kamyab.Ashena.ETF,20260121,31354,31311
Kamyab.Ashena.ETF,20260120,31311,31267
Kamyab.Ashena.ETF,20260119,31267,31223
Kamyab.Ashena.ETF,20260118,31223,31175
Kamyab.Ashena.ETF,20260114,31175,31126
Kamyab.Ashena.ETF,20260113,31126,31088
Kamyab.Ashena.ETF,20260112,31088,31051
Kamyab.Ashena.ETF,20260111,31051,31013
Kamyab.Ashena.ETF,20260110,31013,30975
Kamyab.Ashena.ETF,20260107,30975,30932
Kamyab.Ashena.ETF,20260106,30932,30888
Kamyab.Ashena.ETF,20260105,30888,30846
Kamyab.Ashena.ETF,20260104,30846,30798
Kamyab.Ashena.ETF,20251231,30798,30751
Kamyab.Ashena.ETF,20251230,30751,30717
Kamyab.Ashena.ETF,20251229,30717,30679
Kamyab.Ashena.ETF,20251228,30679,30642
Kamyab.Ashena.ETF,20251227,30642,30605
Kamyab.Ashena.ETF,20251224,30605,30569
Kamyab.Ashena.ETF,20251223,30569,30533
Kamyab.Ashena.ETF,20251222,30533,30497
Kamyab.Ashena.ETF,20251221,30497,30461
Kamyab.Ashena.ETF,20251220,30461,30382
Kamyab.Ashena.ETF,20251217,30382,30346
Kamyab.Ashena.ETF,20251216,30346,30312
Kamyab.Ashena.ETF,20251215,30312,30275
Kamyab.Ashena.ETF,20251214,30275,30239
Kamyab.Ashena.ETF,20251213,30239,30204
Kamyab.Ashena.ETF,20251210,30204,30167
Kamyab.Ashena.ETF,20251209,30167,30131
Kamyab.Ashena.ETF,20251208,30131,30096
Kamyab.Ashena.ETF,20251207,30096,30060
Kamyab.Ashena.ETF,20251206,30060,30024
Kamyab.Ashena.ETF,20251203,30024,29989
Kamyab.Ashena.ETF,20251202,29989,29953
Kamyab.Ashena.ETF,20251201,29953,29918
Kamyab.Ashena.ETF,20251130,29918,29883
Kamyab.Ashena.ETF,20251129,29883,29848
Kamyab.Ashena.ETF,20251126,29848,29802
Kamyab.Ashena.ETF,20251125,29802,29759
Kamyab.Ashena.ETF,20251123,29759,29715
Kamyab.Ashena.ETF,20251122,29715,29672
Kamyab.Ashena.ETF,20251119,29672,29636
Kamyab.Ashena.ETF,20251118,29636,29601
Kamyab.Ashena.ETF,20251117,29601,29566
Kamyab.Ashena.ETF,20251116,29566,29532
Kamyab.Ashena.ETF,20251115,29532,29496
Kamyab.Ashena.ETF,20251112,29496,29462
Kamyab.Ashena.ETF,20251111,29462,29426
Kamyab.Ashena.ETF,20251110,29426,29392
Kamyab.Ashena.ETF,20251109,29392,29357
Kamyab.Ashena.ETF,20251108,29357,29322
Kamyab.Ashena.ETF,20251105,29322,29287
Kamyab.Ashena.ETF,20251104,29287,29253
Kamyab.Ashena.ETF,20251103,29253,29218
Kamyab.Ashena.ETF,20251102,29218,29184
Kamyab.Ashena.ETF,20251101,29184,29149
Kamyab.Ashena.ETF,20251029,29149,29114
Kamyab.Ashena.ETF,20251028,29114,29080
Kamyab.Ashena.ETF,20251027,29080,29045
Kamyab.Ashena.ETF,20251026,29045,29011
Kamyab.Ashena.ETF,20251025,29011,28976
Kamyab.Ashena.ETF,20251022,28976,28940
Kamyab.Ashena.ETF,20251021,28940,28909
Kamyab.Ashena.ETF,20251020,28909,28876
Kamyab.Ashena.ETF,20251019,28876,28844
Kamyab.Ashena.ETF,20251018,28844,28808
Kamyab.Ashena.ETF,20251015,28808,28772
Kamyab.Ashena.ETF,20251014,28772,28738
Kamyab.Ashena.ETF,20251013,28738,28708
Kamyab.Ashena.ETF,20251012,28708,28677
Kamyab.Ashena.ETF,20251011,28677,28641
Kamyab.Ashena.ETF,20251008,28641,28605
Kamyab.Ashena.ETF,20251007,28605,28573
Kamyab.Ashena.ETF,20251006,28573,28542
Kamyab.Ashena.ETF,20251005,28542,28510
Kamyab.Ashena.ETF,20251004,28510,28474
Kamyab.Ashena.ETF,20251001,28474,28439
Kamyab.Ashena.ETF,20250930,28439,28408
Kamyab.Ashena.ETF,20250929,28408,28376
Kamyab.Ashena.ETF,20250928,28376,28345
Kamyab.Ashena.ETF,20250927,28345,28309
Kamyab.Ashena.ETF,20250924,28309,28274
Kamyab.Ashena.ETF,20250923,28274,28243
Kamyab.Ashena.ETF,20250922,28243,28209
Kamyab.Ashena.ETF,20250921,28209,28175
Kamyab.Ashena.ETF,20250920,28175,28136
Kamyab.Ashena.ETF,20250917,28136,28096
Kamyab.Ashena.ETF,20250916,28096,28063
Kamyab.Ashena.ETF,20250915,28063,28026
Kamyab.Ashena.ETF,20250914,28026,27990
Kamyab.Ashena.ETF,20250913,27990,27951
Kamyab.Ashena.ETF,20250909,27951,27906
Kamyab.Ashena.ETF,20250908,27906,27873
Kamyab.Ashena.ETF,20250907,27873,27839
Kamyab.Ashena.ETF,20250906,27839,27800
Kamyab.Ashena.ETF,20250903,27800,27762
Kamyab.Ashena.ETF,20250902,27762,27730
Kamyab.Ashena.ETF,20250831,27730,27690
Kamyab.Ashena.ETF,20250830,27690,27645
Kamyab.Ashena.ETF,20250827,27645,27600
Kamyab.Ashena.ETF,20250826,27600,27578
Kamyab.Ashena.ETF,20250825,27578,27533
Kamyab.Ashena.ETF,20250823,27533,27488
Kamyab.Ashena.ETF,20250820,27488,27444
Kamyab.Ashena.ETF,20250819,27444,27421
Kamyab.Ashena.ETF,20250818,27421,27399
Kamyab.Ashena.ETF,20250817,27399,27377
Kamyab.Ashena.ETF,20250816,27377,27332
Kamyab.Ashena.ETF,20250813,27332,27288
Kamyab.Ashena.ETF,20250812,27288,27266
Kamyab.Ashena.ETF,20250811,27266,27244
Kamyab.Ashena.ETF,20250810,27244,27222
Kamyab.Ashena.ETF,20250809,27222,27177
Kamyab.Ashena.ETF,20250806,27177,27133
Kamyab.Ashena.ETF,20250805,27133,27111
Kamyab.Ashena.ETF,20250804,27111,27089
Kamyab.Ashena.ETF,20250803,27089,27067
Kamyab.Ashena.ETF,20250802,27067,27023
Kamyab.Ashena.ETF,20250730,27023,26979
Kamyab.Ashena.ETF,20250729,26979,26958
Kamyab.Ashena.ETF,20250728,26958,26936
Kamyab.Ashena.ETF,20250727,26936,26914
Kamyab.Ashena.ETF,20250726,26914,26871
Kamyab.Ashena.ETF,20250723,26871,26828
Kamyab.Ashena.ETF,20250722,26828,26801
Kamyab.Ashena.ETF,20250721,26801,26775
Kamyab.Ashena.ETF,20250720,26775,26750
Kamyab.Ashena.ETF,20250719,26750,26699
Kamyab.Ashena.ETF,20250716,26699,26645
Kamyab.Ashena.ETF,20250715,26645,26619
Kamyab.Ashena.ETF,20250714,26619,26593
Kamyab.Ashena.ETF,20250713,26593,26567
Kamyab.Ashena.ETF,20250712,26567,26517
Kamyab.Ashena.ETF,20250709,26517,26467
Kamyab.Ashena.ETF,20250708,26467,26417
Kamyab.Ashena.ETF,20250707,26417,26356
Kamyab.Ashena.ETF,20250702,26356,26321
Kamyab.Ashena.ETF,20250701,26321,26299
Kamyab.Ashena.ETF,20250630,26299,26277
Kamyab.Ashena.ETF,20250629,26277,26255
Kamyab.Ashena.ETF,20250628,26255,26211
Kamyab.Ashena.ETF,20250625,26211,26167
Kamyab.Ashena.ETF,20250624,26167,26144
Kamyab.Ashena.ETF,20250623,26144,26122
Kamyab.Ashena.ETF,20250622,26122,26100
Kamyab.Ashena.ETF,20250621,26100,26012
Kamyab.Ashena.ETF,20250611,26012,25966
Kamyab.Ashena.ETF,20250610,25966,25938
Kamyab.Ashena.ETF,20250609,25938,25909
Kamyab.Ashena.ETF,20250608,25909,25881
Kamyab.Ashena.ETF,20250607,25881,25836
Kamyab.Ashena.ETF,20250603,25836,25791
Kamyab.Ashena.ETF,20250602,25791,25762
Kamyab.Ashena.ETF,20250601,25762,25734
Kamyab.Ashena.ETF,20250531,25734,25703
Kamyab.Ashena.ETF,20250528,25703,25672
Kamyab.Ashena.ETF,20250527,25672,25644
Kamyab.Ashena.ETF,20250526,25644,25616
Kamyab.Ashena.ETF,20250525,25616,25588
Kamyab.Ashena.ETF,20250524,25588,25557
Kamyab.Ashena.ETF,20250521,25557,25526
Kamyab.Ashena.ETF,20250520,25526,25498
Kamyab.Ashena.ETF,20250519,25498,25470
Kamyab.Ashena.ETF,20250518,25470,25442
Kamyab.Ashena.ETF,20250517,25442,25412
Kamyab.Ashena.ETF,20250514,25412,25381
Kamyab.Ashena.ETF,20250513,25381,25354
Kamyab.Ashena.ETF,20250512,25354,25326
Kamyab.Ashena.ETF,20250511,25326,25298
Kamyab.Ashena.ETF,20250510,25298,25268
Kamyab.Ashena.ETF,20250507,25268,25237
Kamyab.Ashena.ETF,20250506,25237,25210
Kamyab.Ashena.ETF,20250505,25210,25182
Kamyab.Ashena.ETF,20250504,25182,25154
Kamyab.Ashena.ETF,20250503,25154,25125
Kamyab.Ashena.ETF,20250430,25125,25094
Kamyab.Ashena.ETF,20250429,25094,25067
Kamyab.Ashena.ETF,20250428,25067,25039
Kamyab.Ashena.ETF,20250427,25039,25011
Kamyab.Ashena.ETF,20250426,25011,24982
Kamyab.Ashena.ETF,20250423,24982,24951
Kamyab.Ashena.ETF,20250422,24951,24925
Kamyab.Ashena.ETF,20250421,24925,24897
Kamyab.Ashena.ETF,20250420,24897,24869
Kamyab.Ashena.ETF,20250419,24869,24839
Kamyab.Ashena.ETF,20250416,24839,24810
Kamyab.Ashena.ETF,20250415,24810,24782
Kamyab.Ashena.ETF,20250414,24782,24755
Kamyab.Ashena.ETF,20250413,24755,24728
Kamyab.Ashena.ETF,20250412,24728,24698
Kamyab.Ashena.ETF,20250409,24698,24669
Kamyab.Ashena.ETF,20250408,24669,24642
Kamyab.Ashena.ETF,20250407,24642,24614
Kamyab.Ashena.ETF,20250406,24614,24587
Kamyab.Ashena.ETF,20250405,24587,24531
Kamyab.Ashena.ETF,20250330,24531,24475
Kamyab.Ashena.ETF,20250329,24475,24418
Kamyab.Ashena.ETF,20250326,24418,24353
Kamyab.Ashena.ETF,20250325,24353,24292
Kamyab.Ashena.ETF,20250318,24292,24223
Kamyab.Ashena.ETF,20250317,24223,24197
Kamyab.Ashena.ETF,20250316,24197,24171
Kamyab.Ashena.ETF,20250315,24171,24143
Kamyab.Ashena.ETF,20250312,24143,24115
Kamyab.Ashena.ETF,20250311,24115,24089
Kamyab.Ashena.ETF,20250310,24089,24063
Kamyab.Ashena.ETF,20250309,24063,24037
Kamyab.Ashena.ETF,20250308,24037,24009
Kamyab.Ashena.ETF,20250305,24009,23981
Kamyab.Ashena.ETF,20250304,23981,23955
Kamyab.Ashena.ETF,20250303,23955,23929
Kamyab.Ashena.ETF,20250302,23929,23903
Kamyab.Ashena.ETF,20250301,23903,23875
Kamyab.Ashena.ETF,20250226,23875,23847
Kamyab.Ashena.ETF,20250225,23847,23821
Kamyab.Ashena.ETF,20250224,23821,23795
Kamyab.Ashena.ETF,20250223,23795,23769
Kamyab.Ashena.ETF,20250222,23769,23741
Kamyab.Ashena.ETF,20250219,23741,23711
Kamyab.Ashena.ETF,20250218,23711,23683
Kamyab.Ashena.ETF,20250217,23683,23655
Kamyab.Ashena.ETF,20250216,23655,23627
Kamyab.Ashena.ETF,20250215,23627,23562
Kamyab.Ashena.ETF,20250211,23562,23527
Kamyab.Ashena.ETF,20250209,23527,23476
Kamyab.Ashena.ETF,20250205,23476,23446
Kamyab.Ashena.ETF,20250204,23446,23418
Kamyab.Ashena.ETF,20250203,23418,23390
Kamyab.Ashena.ETF,20250202,23390,23362
Kamyab.Ashena.ETF,20250201,23362,23332
Kamyab.Ashena.ETF,20250129,23332,23298
Kamyab.Ashena.ETF,20250127,23298,23266
Kamyab.Ashena.ETF,20250126,23266,23240
Kamyab.Ashena.ETF,20250125,23240,23213
Kamyab.Ashena.ETF,20250122,23213,23183
Kamyab.Ashena.ETF,20250121,23183,23156
Kamyab.Ashena.ETF,20250120,23156,23128
Kamyab.Ashena.ETF,20250119,23128,23101
Kamyab.Ashena.ETF,20250118,23101,23069
Kamyab.Ashena.ETF,20250115,23069,23037
Kamyab.Ashena.ETF,20250113,23037,23005
Kamyab.Ashena.ETF,20250112,23005,22980
Kamyab.Ashena.ETF,20250111,22980,22953
Kamyab.Ashena.ETF,20250108,22953,22926
Kamyab.Ashena.ETF,20250107,22926,22901
Kamyab.Ashena.ETF,20250106,22901,22876
Kamyab.Ashena.ETF,20250105,22876,22851
Kamyab.Ashena.ETF,20250104,22851,22824
Kamyab.Ashena.ETF,20250101,22824,22797
Kamyab.Ashena.ETF,20241231,22797,22771
Kamyab.Ashena.ETF,20241230,22771,22746
Kamyab.Ashena.ETF,20241229,22746,22721
Kamyab.Ashena.ETF,20241228,22721,22694
Kamyab.Ashena.ETF,20241225,22694,22666
Kamyab.Ashena.ETF,20241224,22666,22642
Kamyab.Ashena.ETF,20241223,22642,22618
Kamyab.Ashena.ETF,20241222,22618,22594
Kamyab.Ashena.ETF,20241221,22594,22567
Kamyab.Ashena.ETF,20241218,22567,22540
Kamyab.Ashena.ETF,20241217,22540,22516
Kamyab.Ashena.ETF,20241216,22516,22492
Kamyab.Ashena.ETF,20241215,22492,22468
Kamyab.Ashena.ETF,20241214,22468,22441
Kamyab.Ashena.ETF,20241211,22441,22414
Kamyab.Ashena.ETF,20241210,22414,22390
Kamyab.Ashena.ETF,20241209,22390,22366
Kamyab.Ashena.ETF,20241208,22366,22342
Kamyab.Ashena.ETF,20241207,22342,22316
Kamyab.Ashena.ETF,20241204,22316,22289
Kamyab.Ashena.ETF,20241203,22289,22265
Kamyab.Ashena.ETF,20241202,22265,22241
Kamyab.Ashena.ETF,20241201,22241,22216
Kamyab.Ashena.ETF,20241130,22216,22189
Kamyab.Ashena.ETF,20241127,22189,22162
Kamyab.Ashena.ETF,20241126,22162,22138
Kamyab.Ashena.ETF,20241125,22138,22114
Kamyab.Ashena.ETF,20241124,22114,22090
Kamyab.Ashena.ETF,20241123,22090,22063
Kamyab.Ashena.ETF,20241120,22063,22036
Kamyab.Ashena.ETF,20241119,22036,22012
Kamyab.Ashena.ETF,20241118,22012,21988
Kamyab.Ashena.ETF,20241117,21988,21963
Kamyab.Ashena.ETF,20241116,21963,21938
Kamyab.Ashena.ETF,20241113,21938,21914
Kamyab.Ashena.ETF,20241112,21914,21889
Kamyab.Ashena.ETF,20241111,21889,21865
Kamyab.Ashena.ETF,20241110,21865,21841
Kamyab.Ashena.ETF,20241109,21841,21817
Kamyab.Ashena.ETF,20241106,21817,21793
Kamyab.Ashena.ETF,20241105,21793,21769
Kamyab.Ashena.ETF,20241104,21769,21745
Kamyab.Ashena.ETF,20241103,21745,21721
Kamyab.Ashena.ETF,20241102,21721,21698
Kamyab.Ashena.ETF,20241030,21698,21673
Kamyab.Ashena.ETF,20241029,21673,21650
Kamyab.Ashena.ETF,20241028,21650,21626
Kamyab.Ashena.ETF,20241027,21626,21602
Kamyab.Ashena.ETF,20241026,21602,21578
Kamyab.Ashena.ETF,20241023,21578,21555
Kamyab.Ashena.ETF,20241022,21555,21531
Kamyab.Ashena.ETF,20241021,21531,21516
Kamyab.Ashena.ETF,20241020,21516,21499
Kamyab.Ashena.ETF,20241019,21499,21467
Kamyab.Ashena.ETF,20241016,21467,21434
Kamyab.Ashena.ETF,20241015,21434,21418
Kamyab.Ashena.ETF,20241014,21418,21401
Kamyab.Ashena.ETF,20241013,21401,21384
Kamyab.Ashena.ETF,20241012,21384,21354
Kamyab.Ashena.ETF,20241009,21354,21321
Kamyab.Ashena.ETF,20241008,21321,21305
Kamyab.Ashena.ETF,20241007,21305,21287
Kamyab.Ashena.ETF,20241006,21287,21271
Kamyab.Ashena.ETF,20241005,21271,21241
Kamyab.Ashena.ETF,20241002,21241,21210
Kamyab.Ashena.ETF,20241001,21210,21192
Kamyab.Ashena.ETF,20240930,21192,21175
Kamyab.Ashena.ETF,20240929,21175,21159
Kamyab.Ashena.ETF,20240928,21159,21128
Kamyab.Ashena.ETF,20240925,21128,21098
Kamyab.Ashena.ETF,20240924,21098,21082
Kamyab.Ashena.ETF,20240923,21082,21067
Kamyab.Ashena.ETF,20240922,21067,21020
Kamyab.Ashena.ETF,20240918,21020,20989
Kamyab.Ashena.ETF,20240917,20989,20973
Kamyab.Ashena.ETF,20240916,20973,20955
Kamyab.Ashena.ETF,20240915,20955,20939
Kamyab.Ashena.ETF,20240914,20939,20909
Kamyab.Ashena.ETF,20240911,20909,20879
Kamyab.Ashena.ETF,20240910,20879,20864
Kamyab.Ashena.ETF,20240909,20864,20848
Kamyab.Ashena.ETF,20240908,20848,20833
Kamyab.Ashena.ETF,20240907,20833,20786
Kamyab.Ashena.ETF,20240903,20786,20755
Kamyab.Ashena.ETF,20240901,20755,20724
Kamyab.Ashena.ETF,20240831,20724,20693
Kamyab.Ashena.ETF,20240828,20693,20663
Kamyab.Ashena.ETF,20240827,20663,20646
Kamyab.Ashena.ETF,20240826,20646,20616
Kamyab.Ashena.ETF,20240824,20616,20585
Kamyab.Ashena.ETF,20240821,20585,20554
Kamyab.Ashena.ETF,20240820,20554,20538
Kamyab.Ashena.ETF,20240819,20538,20523
Kamyab.Ashena.ETF,20240818,20523,20508
Kamyab.Ashena.ETF,20240817,20508,20477
Kamyab.Ashena.ETF,20240814,20477,20446
Kamyab.Ashena.ETF,20240813,20446,20431
Kamyab.Ashena.ETF,20240812,20431,20416
Kamyab.Ashena.ETF,20240811,20416,20400
Kamyab.Ashena.ETF,20240810,20400,20339
Kamyab.Ashena.ETF,20240806,20339,20324
Kamyab.Ashena.ETF,20240805,20324,20309
Kamyab.Ashena.ETF,20240804,20309,20295
Kamyab.Ashena.ETF,20240803,20295,20263
Kamyab.Ashena.ETF,20240731,20263,20233
Kamyab.Ashena.ETF,20240730,20233,20218
Kamyab.Ashena.ETF,20240729,20218,20188
Kamyab.Ashena.ETF,20240727,20188,20157
Kamyab.Ashena.ETF,20240724,20157,20127
Kamyab.Ashena.ETF,20240723,20127,20113
Kamyab.Ashena.ETF,20240722,20113,20097
Kamyab.Ashena.ETF,20240721,20097,20082
Kamyab.Ashena.ETF,20240720,20082,20052
Kamyab.Ashena.ETF,20240717,20052,20007
Kamyab.Ashena.ETF,20240714,20007,19977
Kamyab.Ashena.ETF,20240713,19977,19948
Kamyab.Ashena.ETF,20240710,19948,19917
Kamyab.Ashena.ETF,20240709,19917,19903
Kamyab.Ashena.ETF,20240708,19903,19887
Kamyab.Ashena.ETF,20240707,19887,19873
Kamyab.Ashena.ETF,20240706,19873,19843
Kamyab.Ashena.ETF,20240703,19843,19813
Kamyab.Ashena.ETF,20240702,19813,19799
Kamyab.Ashena.ETF,20240701,19799,19783
Kamyab.Ashena.ETF,20240630,19783,19769
Kamyab.Ashena.ETF,20240629,19769,19724
Kamyab.Ashena.ETF,20240626,19724,19695
Kamyab.Ashena.ETF,20240624,19695,19680
Kamyab.Ashena.ETF,20240623,19680,19665
Kamyab.Ashena.ETF,20240622,19665,19636
Kamyab.Ashena.ETF,20240619,19636,19606
Kamyab.Ashena.ETF,20240618,19606,19577
Kamyab.Ashena.ETF,20240616,19577,19562
Kamyab.Ashena.ETF,20240615,19562,19534
Kamyab.Ashena.ETF,20240612,19534,19504
Kamyab.Ashena.ETF,20240611,19504,19489
Kamyab.Ashena.ETF,20240610,19489,19475
Kamyab.Ashena.ETF,20240609,19475,19460
Kamyab.Ashena.ETF,20240608,19460,19417
Kamyab.Ashena.ETF,20240605,19417,19388
Kamyab.Ashena.ETF,20240602,19388,19358
Kamyab.Ashena.ETF,20240601,19358,19330
Kamyab.Ashena.ETF,20240529,19330,19300
Kamyab.Ashena.ETF,20240528,19300,19286
Kamyab.Ashena.ETF,20240527,19286,19272
Kamyab.Ashena.ETF,20240526,19272,19257
Kamyab.Ashena.ETF,20240525,19257,19214
Kamyab.Ashena.ETF,20240521,19214,19171
Kamyab.Ashena.ETF,20240519,19171,19156
Kamyab.Ashena.ETF,20240518,19156,19128
Kamyab.Ashena.ETF,20240515,19128,19100
Kamyab.Ashena.ETF,20240514,19100,19085
Kamyab.Ashena.ETF,20240513,19085,19071
Kamyab.Ashena.ETF,20240512,19071,19056
Kamyab.Ashena.ETF,20240511,19056,19031
Kamyab.Ashena.ETF,20240508,19031,19000
Kamyab.Ashena.ETF,20240507,19000,18985
Kamyab.Ashena.ETF,20240506,18985,18956
Kamyab.Ashena.ETF,20240505,18956,18928
Kamyab.Ashena.ETF,20240501,18928,18901
Kamyab.Ashena.ETF,20240430,18901,18887
Kamyab.Ashena.ETF,20240429,18887,18873
Kamyab.Ashena.ETF,20240428,18873,18859
Kamyab.Ashena.ETF,20240427,18859,18832
Kamyab.Ashena.ETF,20240424,18832,18833
Kamyab.Ashena.ETF,20240423,18805,18792
Kamyab.Ashena.ETF,20240422,18792,18777
Kamyab.Ashena.ETF,20240421,18777,18764
Kamyab.Ashena.ETF,20240420,18764,18737
Kamyab.Ashena.ETF,20240417,18737,18710
Kamyab.Ashena.ETF,20240416,18710,18697
Kamyab.Ashena.ETF,20240415,18697,18684
Kamyab.Ashena.ETF,20240414,18684,18670
Kamyab.Ashena.ETF,20240413,18670,18630
Kamyab.Ashena.ETF,20240409,18630,18603
Kamyab.Ashena.ETF,20240408,18603,18590
Kamyab.Ashena.ETF,20240407,18590,18577
Kamyab.Ashena.ETF,20240406,18577,18550
Kamyab.Ashena.ETF,20240403,18550,18523
Kamyab.Ashena.ETF,20240402,18523,18497
Kamyab.Ashena.ETF,20240330,18497,18456
Kamyab.Ashena.ETF,20240327,18456,18430
Kamyab.Ashena.ETF,20240326,18430,18417
Kamyab.Ashena.ETF,20240325,18417,18390
Kamyab.Ashena.ETF,20240324,18390,18351
Kamyab.Ashena.ETF,20240318,18351,18324
Kamyab.Ashena.ETF,20240317,18324,18298
Kamyab.Ashena.ETF,20240316,18298,18271
Kamyab.Ashena.ETF,20240313,18271,18246
Kamyab.Ashena.ETF,20240312,18246,18233
Kamyab.Ashena.ETF,20240311,18233,18219
Kamyab.Ashena.ETF,20240310,18219,18181
Kamyab.Ashena.ETF,20240306,18181,18154
Kamyab.Ashena.ETF,20240305,18154,18142
Kamyab.Ashena.ETF,20240304,18142,18129
Kamyab.Ashena.ETF,20240303,18129,18116
Kamyab.Ashena.ETF,20240302,18116,18092
Kamyab.Ashena.ETF,20240228,18092,18066
Kamyab.Ashena.ETF,20240227,18066,18055
Kamyab.Ashena.ETF,20240226,18055,18029
Kamyab.Ashena.ETF,20240224,18029,18005
Kamyab.Ashena.ETF,20240221,18005,17981
Kamyab.Ashena.ETF,20240220,17981,17967
Kamyab.Ashena.ETF,20240219,17967,17955
Kamyab.Ashena.ETF,20240218,17955,17943
Kamyab.Ashena.ETF,20240217,17943,17919
Kamyab.Ashena.ETF,20240214,17919,17894
Kamyab.Ashena.ETF,20240213,17894,17881
Kamyab.Ashena.ETF,20240212,17881,17857
Kamyab.Ashena.ETF,20240210,17857,17833
Kamyab.Ashena.ETF,20240207,17833,17808
Kamyab.Ashena.ETF,20240206,17808,17795
Kamyab.Ashena.ETF,20240205,17795,17784
Kamyab.Ashena.ETF,20240204,17784,17771
Kamyab.Ashena.ETF,20240203,17771,17748
Kamyab.Ashena.ETF,20240131,17748,17722
Kamyab.Ashena.ETF,20240130,17722,17712
Kamyab.Ashena.ETF,20240129,17712,17699
Kamyab.Ashena.ETF,20240128,17699,17687
Kamyab.Ashena.ETF,20240127,17687,17662
Kamyab.Ashena.ETF,20240124,17662,17638
Kamyab.Ashena.ETF,20240123,17638,17627
Kamyab.Ashena.ETF,20240122,17627,17615
Kamyab.Ashena.ETF,20240121,17615,17603
Kamyab.Ashena.ETF,20240120,17603,17579
Kamyab.Ashena.ETF,20240117,17579,17557
Kamyab.Ashena.ETF,20240116,17557,17544
Kamyab.Ashena.ETF,20240115,17544,17534
Kamyab.Ashena.ETF,20240114,17534,17522
Kamyab.Ashena.ETF,20240113,17522,17499
Kamyab.Ashena.ETF,20240110,17499,17475
Kamyab.Ashena.ETF,20240109,17475,17464
Kamyab.Ashena.ETF,20240108,17464,17452
Kamyab.Ashena.ETF,20240107,17452,17440
Kamyab.Ashena.ETF,20240106,17440,17418
Kamyab.Ashena.ETF,20240103,17418,17394
Kamyab.Ashena.ETF,20240102,17394,17383
Kamyab.Ashena.ETF,20240101,17383,17371
Kamyab.Ashena.ETF,20231231,17371,17358
Kamyab.Ashena.ETF,20231230,17358,17336
Kamyab.Ashena.ETF,20231227,17336,17313
Kamyab.Ashena.ETF,20231226,17313,17302
Kamyab.Ashena.ETF,20231225,17302,17290
Kamyab.Ashena.ETF,20231224,17290,17279
Kamyab.Ashena.ETF,20231223,17279,17255
Kamyab.Ashena.ETF,20231220,17255,17233
Kamyab.Ashena.ETF,20231219,17233,17221
Kamyab.Ashena.ETF,20231218,17221,17197
Kamyab.Ashena.ETF,20231216,17197,17175
Kamyab.Ashena.ETF,20231213,17175,17153
Kamyab.Ashena.ETF,20231212,17153,17141
Kamyab.Ashena.ETF,20231211,17141,17130
Kamyab.Ashena.ETF,20231210,17130,17118
Kamyab.Ashena.ETF,20231209,17118,17097
Kamyab.Ashena.ETF,20231206,17097,17076
Kamyab.Ashena.ETF,20231205,17076,17064
Kamyab.Ashena.ETF,20231204,17064,17053
Kamyab.Ashena.ETF,20231203,17053,17043
Kamyab.Ashena.ETF,20231202,17043,17021
Kamyab.Ashena.ETF,20231129,17021,16998
Kamyab.Ashena.ETF,20231128,16998,16989
Kamyab.Ashena.ETF,20231127,16989,16978
Kamyab.Ashena.ETF,20231126,16978,16967
Kamyab.Ashena.ETF,20231125,16967,16946
Kamyab.Ashena.ETF,20231122,16946,16924
Kamyab.Ashena.ETF,20231121,16924,16913
Kamyab.Ashena.ETF,20231120,16913,16902
Kamyab.Ashena.ETF,20231119,16902,16891
Kamyab.Ashena.ETF,20231118,16891,16870
Kamyab.Ashena.ETF,20231115,16870,16849
Kamyab.Ashena.ETF,20231114,16849,16836
Kamyab.Ashena.ETF,20231113,16836,16826
Kamyab.Ashena.ETF,20231112,16826,16815
Kamyab.Ashena.ETF,20231111,16815,16794
Kamyab.Ashena.ETF,20231108,16794,16773
Kamyab.Ashena.ETF,20231107,16773,16761
Kamyab.Ashena.ETF,20231106,16761,16751
Kamyab.Ashena.ETF,20231105,16751,16740
Kamyab.Ashena.ETF,20231104,16740,16719
Kamyab.Ashena.ETF,20231101,16719,16698
Kamyab.Ashena.ETF,20231031,16698,16688
Kamyab.Ashena.ETF,20231030,16688,16677
Kamyab.Ashena.ETF,20231029,16677,16666
Kamyab.Ashena.ETF,20231028,16666,16645
Kamyab.Ashena.ETF,20231025,16645,16623
Kamyab.Ashena.ETF,20231024,16623,16612
Kamyab.Ashena.ETF,20231023,16612,16601
Kamyab.Ashena.ETF,20231022,16601,16591
Kamyab.Ashena.ETF,20231021,16591,16569
Kamyab.Ashena.ETF,20231018,16569,16549
Kamyab.Ashena.ETF,20231017,16549,16539
Kamyab.Ashena.ETF,20231016,16539,16528
Kamyab.Ashena.ETF,20231015,16528,16517
Kamyab.Ashena.ETF,20231014,16517,16495
Kamyab.Ashena.ETF,20231011,16495,16476
Kamyab.Ashena.ETF,20231010,16476,16465
Kamyab.Ashena.ETF,20231009,16465,16453
Kamyab.Ashena.ETF,20231008,16453,16445
Kamyab.Ashena.ETF,20231007,16445,16424
Kamyab.Ashena.ETF,20231004,16424,16402
Kamyab.Ashena.ETF,20231002,16402,16382
Kamyab.Ashena.ETF,20231001,16382,16369
Kamyab.Ashena.ETF,20230930,16369,16350
Kamyab.Ashena.ETF,20230927,16350,16329
Kamyab.Ashena.ETF,20230926,16329,16318
Kamyab.Ashena.ETF,20230925,16318,16297
Kamyab.Ashena.ETF,20230923,16297,16276
Kamyab.Ashena.ETF,20230920,16276,16256
Kamyab.Ashena.ETF,20230919,16256,16244
Kamyab.Ashena.ETF,20230918,16244,16234
Kamyab.Ashena.ETF,20230917,16234,16205
Kamyab.Ashena.ETF,20230913,16205,16183
Kamyab.Ashena.ETF,20230912,16183,16173
Kamyab.Ashena.ETF,20230911,16173,16164
Kamyab.Ashena.ETF,20230910,16164,16152
Kamyab.Ashena.ETF,20230909,16152,16121
Kamyab.Ashena.ETF,20230905,16121,16100
Kamyab.Ashena.ETF,20230904,16100,16090
Kamyab.Ashena.ETF,20230903,16090,16080
Kamyab.Ashena.ETF,20230902,16080,16060
Kamyab.Ashena.ETF,20230830,16060,16039
Kamyab.Ashena.ETF,20230829,16039,16030
Kamyab.Ashena.ETF,20230828,16030,16018
Kamyab.Ashena.ETF,20230827,16018,16008
Kamyab.Ashena.ETF,20230826,16008,15988
Kamyab.Ashena.ETF,20230823,15988,15968
Kamyab.Ashena.ETF,20230822,15968,15957
Kamyab.Ashena.ETF,20230821,15957,15947
Kamyab.Ashena.ETF,20230820,15947,15937
Kamyab.Ashena.ETF,20230819,15937,15916
Kamyab.Ashena.ETF,20230816,15916,15895
Kamyab.Ashena.ETF,20230815,15895,15886
Kamyab.Ashena.ETF,20230814,15886,15876
Kamyab.Ashena.ETF,20230813,15876,15866
Kamyab.Ashena.ETF,20230812,15866,15846
Kamyab.Ashena.ETF,20230809,15846,15824
Kamyab.Ashena.ETF,20230808,15824,15815
Kamyab.Ashena.ETF,20230807,15815,15794
Kamyab.Ashena.ETF,20230806,15794,15774
Kamyab.Ashena.ETF,20230805,15774,15756
Kamyab.Ashena.ETF,20230801,15756,15744
Kamyab.Ashena.ETF,20230731,15744,15735
Kamyab.Ashena.ETF,20230730,15735,15725
Kamyab.Ashena.ETF,20230729,15725,15705
Kamyab.Ashena.ETF,20230726,15705,15684
Kamyab.Ashena.ETF,20230725,15684,15674
Kamyab.Ashena.ETF,20230724,15674,15664
Kamyab.Ashena.ETF,20230723,15664,15654
Kamyab.Ashena.ETF,20230722,15654,15634
Kamyab.Ashena.ETF,20230719,15634,15614
Kamyab.Ashena.ETF,20230718,15614,15603
Kamyab.Ashena.ETF,20230717,15603,15594
Kamyab.Ashena.ETF,20230716,15594,15585
Kamyab.Ashena.ETF,20230715,15585,15565
Kamyab.Ashena.ETF,20230712,15565,15545
Kamyab.Ashena.ETF,20230711,15545,15536
Kamyab.Ashena.ETF,20230710,15536,15525
Kamyab.Ashena.ETF,20230709,15525,15515
Kamyab.Ashena.ETF,20230708,15515,15495
Kamyab.Ashena.ETF,20230705,15495,15475
Kamyab.Ashena.ETF,20230704,15475,15465
Kamyab.Ashena.ETF,20230703,15465,15456
Kamyab.Ashena.ETF,20230702,15456,15446
Kamyab.Ashena.ETF,20230701,15446,15427
Kamyab.Ashena.ETF,20230628,15427,15406
Kamyab.Ashena.ETF,20230627,15406,15396
Kamyab.Ashena.ETF,20230626,15396,15387
Kamyab.Ashena.ETF,20230625,15387,15377
Kamyab.Ashena.ETF,20230624,15377,15358
Kamyab.Ashena.ETF,20230621,15358,15338
Kamyab.Ashena.ETF,20230620,15338,15328
Kamyab.Ashena.ETF,20230619,15328,15318
Kamyab.Ashena.ETF,20230618,15318,15308
Kamyab.Ashena.ETF,20230617,15308,15289
Kamyab.Ashena.ETF,20230614,15289,15269
Kamyab.Ashena.ETF,20230613,15269,15259
Kamyab.Ashena.ETF,20230612,15259,15250
Kamyab.Ashena.ETF,20230611,15250,15240
Kamyab.Ashena.ETF,20230610,15240,15220
Kamyab.Ashena.ETF,20230607,15220,15201
Kamyab.Ashena.ETF,20230606,15201,15172
Kamyab.Ashena.ETF,20230603,15172,15153
Kamyab.Ashena.ETF,20230531,15153,15133
Kamyab.Ashena.ETF,20230530,15133,15123
Kamyab.Ashena.ETF,20230529,15123,15114
Kamyab.Ashena.ETF,20230528,15114,15104
Kamyab.Ashena.ETF,20230527,15104,15085
Kamyab.Ashena.ETF,20230524,15085,15066
Kamyab.Ashena.ETF,20230523,15066,15055
Kamyab.Ashena.ETF,20230522,15055,15046
Kamyab.Ashena.ETF,20230521,15046,15037
Kamyab.Ashena.ETF,20230520,15037,15018
Kamyab.Ashena.ETF,20230517,15018,14999
Kamyab.Ashena.ETF,20230515,14999,14980
Kamyab.Ashena.ETF,20230514,14980,14971
Kamyab.Ashena.ETF,20230513,14971,14953
Kamyab.Ashena.ETF,20230510,14953,14934
Kamyab.Ashena.ETF,20230509,14934,14925
Kamyab.Ashena.ETF,20230508,14925,14914
Kamyab.Ashena.ETF,20230507,14914,14904
Kamyab.Ashena.ETF,20230506,14904,14887
Kamyab.Ashena.ETF,20230503,14887,14869
Kamyab.Ashena.ETF,20230502,14869,14859
Kamyab.Ashena.ETF,20230501,14859,14849
Kamyab.Ashena.ETF,20230430,14849,14840
Kamyab.Ashena.ETF,20230429,14840,14823
Kamyab.Ashena.ETF,20230426,14823,14803
Kamyab.Ashena.ETF,20230425,14803,14794
Kamyab.Ashena.ETF,20230424,14794,14767
Kamyab.Ashena.ETF,20230419,14767,14738
Kamyab.Ashena.ETF,20230418,14738,14729
Kamyab.Ashena.ETF,20230417,14729,14720
Kamyab.Ashena.ETF,20230416,14720,14711
Kamyab.Ashena.ETF,20230415,14711,14685
Kamyab.Ashena.ETF,20230411,14685,14666
Kamyab.Ashena.ETF,20230410,14666,14657
Kamyab.Ashena.ETF,20230409,14657,14648
Kamyab.Ashena.ETF,20230408,14648,14630
Kamyab.Ashena.ETF,20230405,14630,14612
Kamyab.Ashena.ETF,20230404,14612,14604
Kamyab.Ashena.ETF,20230403,14604,14576
Kamyab.Ashena.ETF,20230329,14576,14548
Kamyab.Ashena.ETF,20230328,14548,14539
Kamyab.Ashena.ETF,20230327,14539,14529
Kamyab.Ashena.ETF,20230326,14529,14519
Kamyab.Ashena.ETF,20230325,14519,14483
Kamyab.Ashena.ETF,20230319,14483,14454
Kamyab.Ashena.ETF,20230318,14454,14436
Kamyab.Ashena.ETF,20230315,14436,14418
Kamyab.Ashena.ETF,20230314,14418,14408
Kamyab.Ashena.ETF,20230313,14408,14399
Kamyab.Ashena.ETF,20230312,14399,14390
Kamyab.Ashena.ETF,20230311,14390,14363
Kamyab.Ashena.ETF,20230307,14363,14344
Kamyab.Ashena.ETF,20230306,14344,14335
Kamyab.Ashena.ETF,20230305,14335,14325
Kamyab.Ashena.ETF,20230304,14325,14308
Kamyab.Ashena.ETF,20230301,14308,14289
Kamyab.Ashena.ETF,20230228,14289,14281
Kamyab.Ashena.ETF,20230227,14281,14271
Kamyab.Ashena.ETF,20230226,14271,14261
Kamyab.Ashena.ETF,20230225,14261,14244
Kamyab.Ashena.ETF,20230222,14244,14225
Kamyab.Ashena.ETF,20230221,14225,14216
Kamyab.Ashena.ETF,20230220,14216,14207
Kamyab.Ashena.ETF,20230219,14207,14181
Kamyab.Ashena.ETF,20230215,14181,14163
Kamyab.Ashena.ETF,20230214,14163,14153
Kamyab.Ashena.ETF,20230213,14153,14144
Kamyab.Ashena.ETF,20230212,14144,14119
Kamyab.Ashena.ETF,20230208,14119,14101
Kamyab.Ashena.ETF,20230207,14101,14091
Kamyab.Ashena.ETF,20230206,14091,14082
Kamyab.Ashena.ETF,20230205,14082,14057
Kamyab.Ashena.ETF,20230201,14057,14039
Kamyab.Ashena.ETF,20230131,14039,14030
Kamyab.Ashena.ETF,20230130,14030,14020
Kamyab.Ashena.ETF,20230129,14020,14012
Kamyab.Ashena.ETF,20230128,14012,13995
Kamyab.Ashena.ETF,20230125,13995,13976
Kamyab.Ashena.ETF,20230124,13976,13967
Kamyab.Ashena.ETF,20230123,13967,13959
Kamyab.Ashena.ETF,20230122,13959,13949
Kamyab.Ashena.ETF,20230121,13949,13923
Kamyab.Ashena.ETF,20230118,13923,13914
Kamyab.Ashena.ETF,20230117,13914,13905
Kamyab.Ashena.ETF,20230116,13905,13889
Kamyab.Ashena.ETF,20230114,13889,13865
Kamyab.Ashena.ETF,20230111,13865,13856
Kamyab.Ashena.ETF,20230110,13856,13848
Kamyab.Ashena.ETF,20230109,13848,13839
Kamyab.Ashena.ETF,20230108,13839,13831
Kamyab.Ashena.ETF,20230107,13831,13807
Kamyab.Ashena.ETF,20230104,13807,13798
Kamyab.Ashena.ETF,20230103,13798,13789
Kamyab.Ashena.ETF,20230102,13789,13782
Kamyab.Ashena.ETF,20230101,13782,13773
Kamyab.Ashena.ETF,20221231,13773,13748
Kamyab.Ashena.ETF,20221228,13748,13732
Kamyab.Ashena.ETF,20221226,13732,13723
Kamyab.Ashena.ETF,20221225,13723,13715
Kamyab.Ashena.ETF,20221224,13715,13691
Kamyab.Ashena.ETF,20221221,13691,13683
Kamyab.Ashena.ETF,20221220,13683,13673
Kamyab.Ashena.ETF,20221219,13673,13666
Kamyab.Ashena.ETF,20221218,13666,13657
Kamyab.Ashena.ETF,20221217,13657,13633
Kamyab.Ashena.ETF,20221214,13633,13624
Kamyab.Ashena.ETF,20221213,13624,13616
Kamyab.Ashena.ETF,20221212,13616,13608
Kamyab.Ashena.ETF,20221211,13608,13599
Kamyab.Ashena.ETF,20221210,13599,13575
Kamyab.Ashena.ETF,20221207,13575,13567
Kamyab.Ashena.ETF,20221206,13567,13559
Kamyab.Ashena.ETF,20221205,13559,13550
Kamyab.Ashena.ETF,20221204,13550,13542
Kamyab.Ashena.ETF,20221203,13542,13518
Kamyab.Ashena.ETF,20221130,13518,13509
Kamyab.Ashena.ETF,20221129,13509,13501
Kamyab.Ashena.ETF,20221128,13501,13492
Kamyab.Ashena.ETF,20221127,13492,13485
Kamyab.Ashena.ETF,20221126,13485,13461
Kamyab.Ashena.ETF,20221123,13461,13453
Kamyab.Ashena.ETF,20221122,13453,13443
Kamyab.Ashena.ETF,20221121,13443,13428
Kamyab.Ashena.ETF,20221120,13428,13419
Kamyab.Ashena.ETF,20221119,13419,13403
Kamyab.Ashena.ETF,20221116,13403,13388
Kamyab.Ashena.ETF,20221115,13388,13380
Kamyab.Ashena.ETF,20221114,13380,13372
Kamyab.Ashena.ETF,20221113,13372,13364
Kamyab.Ashena.ETF,20221112,13364,13348
Kamyab.Ashena.ETF,20221109,13348,13330
Kamyab.Ashena.ETF,20221108,13330,13323
Kamyab.Ashena.ETF,20221107,13323,13316
Kamyab.Ashena.ETF,20221106,13316,13307
Kamyab.Ashena.ETF,20221105,13307,13292
Kamyab.Ashena.ETF,20221102,13292,13278
Kamyab.Ashena.ETF,20221101,13278,13270
Kamyab.Ashena.ETF,20221031,13270,13263
Kamyab.Ashena.ETF,20221030,13263,13255
Kamyab.Ashena.ETF,20221029,13255,13240
Kamyab.Ashena.ETF,20221026,13240,13225
Kamyab.Ashena.ETF,20221025,13225,13218
Kamyab.Ashena.ETF,20221024,13218,13210
Kamyab.Ashena.ETF,20221023,13210,13202
Kamyab.Ashena.ETF,20221022,13202,13187
Kamyab.Ashena.ETF,20221019,13187,13173
Kamyab.Ashena.ETF,20221018,13173,13165
Kamyab.Ashena.ETF,20221017,13165,13158
Kamyab.Ashena.ETF,20221016,13158,13150
Kamyab.Ashena.ETF,20221015,13150,13136
Kamyab.Ashena.ETF,20221012,13136,13120
Kamyab.Ashena.ETF,20221011,13120,13113
Kamyab.Ashena.ETF,20221010,13113,13105
Kamyab.Ashena.ETF,20221009,13105,13098
Kamyab.Ashena.ETF,20221008,13098,13069
Kamyab.Ashena.ETF,20221004,13069,13061
Kamyab.Ashena.ETF,20221003,13061,13053
Kamyab.Ashena.ETF,20221002,13053,13046
Kamyab.Ashena.ETF,20221001,13046,13032
Kamyab.Ashena.ETF,20220928,13032,13010
Kamyab.Ashena.ETF,20220926,13010,12994
Kamyab.Ashena.ETF,20220924,12994,12980
Kamyab.Ashena.ETF,20220921,12980,12966
Kamyab.Ashena.ETF,20220920,12966,12958
Kamyab.Ashena.ETF,20220919,12958,12950
Kamyab.Ashena.ETF,20220918,12950,12929
Kamyab.Ashena.ETF,20220914,12929,12914
Kamyab.Ashena.ETF,20220913,12914,12906
Kamyab.Ashena.ETF,20220912,12906,12899
Kamyab.Ashena.ETF,20220911,12899,12891
Kamyab.Ashena.ETF,20220910,12891,12878
Kamyab.Ashena.ETF,20220907,12878,12862
Kamyab.Ashena.ETF,20220906,12862,12856
Kamyab.Ashena.ETF,20220905,12856,12849
Kamyab.Ashena.ETF,20220904,12849,12841
Kamyab.Ashena.ETF,20220903,12841,12827
Kamyab.Ashena.ETF,20220831,12827,12812
Kamyab.Ashena.ETF,20220830,12812,12805
Kamyab.Ashena.ETF,20220829,12805,12798
Kamyab.Ashena.ETF,20220828,12798,12789
Kamyab.Ashena.ETF,20220827,12789,12775
Kamyab.Ashena.ETF,20220824,12775,12761
Kamyab.Ashena.ETF,20220823,12761,12753
Kamyab.Ashena.ETF,20220822,12753,12747
Kamyab.Ashena.ETF,20220821,12747,12740
Kamyab.Ashena.ETF,20220820,12740,12725
Kamyab.Ashena.ETF,20220817,12725,12711
Kamyab.Ashena.ETF,20220816,12711,12703
Kamyab.Ashena.ETF,20220815,12703,12696
Kamyab.Ashena.ETF,20220814,12696,12688
Kamyab.Ashena.ETF,20220813,12688,12675
Kamyab.Ashena.ETF,20220810,12675,12661
Kamyab.Ashena.ETF,20220809,12661,12639
Kamyab.Ashena.ETF,20220806,12639,12624
Kamyab.Ashena.ETF,20220803,12624,12610
Kamyab.Ashena.ETF,20220802,12610,12603
Kamyab.Ashena.ETF,20220801,12603,12595
Kamyab.Ashena.ETF,20220731,12595,12589
Kamyab.Ashena.ETF,20220730,12589,12575
Kamyab.Ashena.ETF,20220727,12575,12560
Kamyab.Ashena.ETF,20220726,12560,12553
Kamyab.Ashena.ETF,20220725,12553,12546
Kamyab.Ashena.ETF,20220724,12546,12539
Kamyab.Ashena.ETF,20220723,12539,12525
Kamyab.Ashena.ETF,20220720,12525,12510
Kamyab.Ashena.ETF,20220719,12510,12496
Kamyab.Ashena.ETF,20220717,12496,12488
Kamyab.Ashena.ETF,20220716,12488,12475
Kamyab.Ashena.ETF,20220713,12475,12460
Kamyab.Ashena.ETF,20220712,12460,12454
Kamyab.Ashena.ETF,20220711,12454,12440
Kamyab.Ashena.ETF,20220709,12440,12426
Kamyab.Ashena.ETF,20220706,12426,12412
Kamyab.Ashena.ETF,20220705,12412,12405
Kamyab.Ashena.ETF,20220704,12405,12397
Kamyab.Ashena.ETF,20220703,12397,12391
Kamyab.Ashena.ETF,20220702,12391,12377
Kamyab.Ashena.ETF,20220629,12377,12362
Kamyab.Ashena.ETF,20220628,12362,12356
Kamyab.Ashena.ETF,20220627,12356,12348
Kamyab.Ashena.ETF,20220626,12348,12341
Kamyab.Ashena.ETF,20220625,12341,12327
Kamyab.Ashena.ETF,20220622,12327,12314
Kamyab.Ashena.ETF,20220621,12314,12307
Kamyab.Ashena.ETF,20220620,12307,12300
Kamyab.Ashena.ETF,20220619,12300,12292
Kamyab.Ashena.ETF,20220618,12292,12272
Kamyab.Ashena.ETF,20220615,12272,12265
Kamyab.Ashena.ETF,20220614,12265,12257
Kamyab.Ashena.ETF,20220613,12257,12250
Kamyab.Ashena.ETF,20220612,12250,12243
Kamyab.Ashena.ETF,20220611,12243,12229
Kamyab.Ashena.ETF,20220608,12229,12215
Kamyab.Ashena.ETF,20220607,12215,12208
Kamyab.Ashena.ETF,20220606,12208,12188
Kamyab.Ashena.ETF,20220601,12188,12168
Kamyab.Ashena.ETF,20220531,12168,12161
Kamyab.Ashena.ETF,20220530,12161,12153
Kamyab.Ashena.ETF,20220529,12153,12146
Kamyab.Ashena.ETF,20220528,12146,12132
Kamyab.Ashena.ETF,20220525,12132,12119
Kamyab.Ashena.ETF,20220524,12119,12113
Kamyab.Ashena.ETF,20220523,12113,12106
Kamyab.Ashena.ETF,20220522,12106,12099
Kamyab.Ashena.ETF,20220521,12099,12085
Kamyab.Ashena.ETF,20220518,12085,12071
Kamyab.Ashena.ETF,20220517,12071,12064
Kamyab.Ashena.ETF,20220516,12064,12058
Kamyab.Ashena.ETF,20220515,12058,12050
Kamyab.Ashena.ETF,20220514,12050,12037
Kamyab.Ashena.ETF,20220511,12037,12023
Kamyab.Ashena.ETF,20220510,12023,12017
Kamyab.Ashena.ETF,20220509,12017,12009
Kamyab.Ashena.ETF,20220508,12009,12003
Kamyab.Ashena.ETF,20220507,12003,11983
Kamyab.Ashena.ETF,20220502,11983,11969
Kamyab.Ashena.ETF,20220501,11969,11955
Kamyab.Ashena.ETF,20220430,11955,11941
Kamyab.Ashena.ETF,20220427,11941,11924
Kamyab.Ashena.ETF,20220426,11924,11902
Kamyab.Ashena.ETF,20220425,11902,11881
Kamyab.Ashena.ETF,20220424,11881,11870
Kamyab.Ashena.ETF,20220420,11870,11860
Kamyab.Ashena.ETF,20220419,11860,11850
Kamyab.Ashena.ETF,20220418,11850,11839
Kamyab.Ashena.ETF,20220417,11839,11830
Kamyab.Ashena.ETF,20220416,11830,11820
Kamyab.Ashena.ETF,20220413,11820,11810
Kamyab.Ashena.ETF,20220412,11810,11798
Kamyab.Ashena.ETF,20220411,11798,11788
Kamyab.Ashena.ETF,20220410,11788,11779
Kamyab.Ashena.ETF,20220409,11779,11768
Kamyab.Ashena.ETF,20220406,11768,11758
Kamyab.Ashena.ETF,20220405,11758,11747
Kamyab.Ashena.ETF,20220404,11747,11738
Kamyab.Ashena.ETF,20220403,11738,11728
Kamyab.Ashena.ETF,20220330,11728,11718
Kamyab.Ashena.ETF,20220329,11718,11697
Kamyab.Ashena.ETF,20220327,11697,11688
Kamyab.Ashena.ETF,20220326,11688,11677
Kamyab.Ashena.ETF,20220319,11677,11667
Kamyab.Ashena.ETF,20220316,11667,11657
Kamyab.Ashena.ETF,20220315,11657,11647
Kamyab.Ashena.ETF,20220314,11647,11637
Kamyab.Ashena.ETF,20220313,11637,11627
Kamyab.Ashena.ETF,20220312,11627,11617
Kamyab.Ashena.ETF,20220309,11617,11607
Kamyab.Ashena.ETF,20220308,11607,11597
Kamyab.Ashena.ETF,20220307,11597,11587
Kamyab.Ashena.ETF,20220306,11587,11577
Kamyab.Ashena.ETF,20220305,11577,11567
Kamyab.Ashena.ETF,20220302,11567,11557
Kamyab.Ashena.ETF,20220228,11557,11547
Kamyab.Ashena.ETF,20220227,11547,11537
Kamyab.Ashena.ETF,20220226,11537,11527
Kamyab.Ashena.ETF,20220223,11527,11517
Kamyab.Ashena.ETF,20220222,11517,11507
Kamyab.Ashena.ETF,20220221,11507,11497
Kamyab.Ashena.ETF,20220220,11497,11487
Kamyab.Ashena.ETF,20220219,11487,11477
Kamyab.Ashena.ETF,20220216,11477,11467
Kamyab.Ashena.ETF,20220214,11467,11457
Kamyab.Ashena.ETF,20220213,11457,11447
Kamyab.Ashena.ETF,20220212,11447,11437
Kamyab.Ashena.ETF,20220209,11437,11427
Kamyab.Ashena.ETF,20220208,11427,11417
Kamyab.Ashena.ETF,20220207,11417,11408
Kamyab.Ashena.ETF,20220206,11408,11402
Kamyab.Ashena.ETF,20220205,11402,11382
Kamyab.Ashena.ETF,20220202,11382,11376
Kamyab.Ashena.ETF,20220201,11376,11368
Kamyab.Ashena.ETF,20220131,11368,11362
Kamyab.Ashena.ETF,20220130,11362,11356
Kamyab.Ashena.ETF,20220129,11356,11336
Kamyab.Ashena.ETF,20220126,11336,11330
Kamyab.Ashena.ETF,20220125,11330,11323
Kamyab.Ashena.ETF,20220124,11323,11317
Kamyab.Ashena.ETF,20220123,11317,11310
Kamyab.Ashena.ETF,20220122,11310,11291
Kamyab.Ashena.ETF,20220119,11291,11283
Kamyab.Ashena.ETF,20220118,11283,11277
Kamyab.Ashena.ETF,20220117,11277,11270
Kamyab.Ashena.ETF,20220116,11270,11264
Kamyab.Ashena.ETF,20220115,11264,11245
Kamyab.Ashena.ETF,20220112,11245,11239
Kamyab.Ashena.ETF,20220111,11239,11233
Kamyab.Ashena.ETF,20220110,11233,11226
Kamyab.Ashena.ETF,20220109,11226,11220
Kamyab.Ashena.ETF,20220108,11220,11200
Kamyab.Ashena.ETF,20220105,11200,11194
Kamyab.Ashena.ETF,20220104,11194,11187
Kamyab.Ashena.ETF,20220103,11187,11181
Kamyab.Ashena.ETF,20220102,11181,11175
Kamyab.Ashena.ETF,20220101,11175,11155
Kamyab.Ashena.ETF,20211229,11155,11149
Kamyab.Ashena.ETF,20211228,11149,11142
Kamyab.Ashena.ETF,20211227,11142,11137
Kamyab.Ashena.ETF,20211226,11137,11130
Kamyab.Ashena.ETF,20211225,11130,11110
Kamyab.Ashena.ETF,20211222,11110,11104
Kamyab.Ashena.ETF,20211221,11104,11101
Kamyab.Ashena.ETF,20211220,11101,11094
Kamyab.Ashena.ETF,20211219,11094,11086
Kamyab.Ashena.ETF,20211218,11086,11067
Kamyab.Ashena.ETF,20211215,11067,11059
Kamyab.Ashena.ETF,20211214,11059,11053
Kamyab.Ashena.ETF,20211213,11053,11047
Kamyab.Ashena.ETF,20211212,11047,11040
Kamyab.Ashena.ETF,20211211,11040,11021
Kamyab.Ashena.ETF,20211208,11021,11016
Kamyab.Ashena.ETF,20211207,11016,11009
Kamyab.Ashena.ETF,20211206,11009,11002
Kamyab.Ashena.ETF,20211205,11002,10996
Kamyab.Ashena.ETF,20211204,10996,10977
Kamyab.Ashena.ETF,20211201,10977,10970
Kamyab.Ashena.ETF,20211130,10970,10965
Kamyab.Ashena.ETF,20211129,10965,10959
Kamyab.Ashena.ETF,20211128,10959,10953
Kamyab.Ashena.ETF,20211127,10953,10933
Kamyab.Ashena.ETF,20211124,10933,10927
Kamyab.Ashena.ETF,20211123,10927,10922
Kamyab.Ashena.ETF,20211122,10922,10914
Kamyab.Ashena.ETF,20211121,10914,10908
Kamyab.Ashena.ETF,20211120,10908,10889
Kamyab.Ashena.ETF,20211117,10889,10886
Kamyab.Ashena.ETF,20211116,10886,10879
Kamyab.Ashena.ETF,20211115,10879,10873
Kamyab.Ashena.ETF,20211114,10873,10864
Kamyab.Ashena.ETF,20211113,10864,10849
Kamyab.Ashena.ETF,20211110,10849,10841
Kamyab.Ashena.ETF,20211109,10841,10837
Kamyab.Ashena.ETF,20211108,10837,10827
Kamyab.Ashena.ETF,20211107,10827,10819
Kamyab.Ashena.ETF,20211106,10819,10803
Kamyab.Ashena.ETF,20211103,10803,10802
Kamyab.Ashena.ETF,20211102,10802,10796
Kamyab.Ashena.ETF,20211101,10796,10788
Kamyab.Ashena.ETF,20211031,10788,10778
Kamyab.Ashena.ETF,20211030,10778,10764
Kamyab.Ashena.ETF,20211027,10764,10760
Kamyab.Ashena.ETF,20211026,10760,10754
Kamyab.Ashena.ETF,20211025,10754,10741
Kamyab.Ashena.ETF,20211023,10741,10725
Kamyab.Ashena.ETF,20211020,10725,10714
Kamyab.Ashena.ETF,20211019,10714,10710
Kamyab.Ashena.ETF,20211018,10710,10705
Kamyab.Ashena.ETF,20211017,10705,10696
Kamyab.Ashena.ETF,20211016,10696,10684
Kamyab.Ashena.ETF,20211013,10684,10674
Kamyab.Ashena.ETF,20211012,10674,10668
Kamyab.Ashena.ETF,20211011,10668,10662
Kamyab.Ashena.ETF,20211010,10662,10655
Kamyab.Ashena.ETF,20211009,10655,10639
Kamyab.Ashena.ETF,20211006,10639,10622
Kamyab.Ashena.ETF,20211004,10622,10620
Kamyab.Ashena.ETF,20211003,10620,10612
Kamyab.Ashena.ETF,20211002,10612,10596
Kamyab.Ashena.ETF,20210929,10596,10566
Kamyab.Ashena.ETF,20210928,10566,10495
Kamyab.Ashena.ETF,20210926,10495,10473
Kamyab.Ashena.ETF,20210925,10473,10447
Kamyab.Ashena.ETF,20210922,10447,10439
Kamyab.Ashena.ETF,20210921,10439,10431
Kamyab.Ashena.ETF,20210920,10431,10425
Kamyab.Ashena.ETF,20210919,10425,10417
Kamyab.Ashena.ETF,20210918,10417,10402
Kamyab.Ashena.ETF,20210915,10402,10395
Kamyab.Ashena.ETF,20210914,10395,10388
Kamyab.Ashena.ETF,20210913,10388,10378
Kamyab.Ashena.ETF,20210912,10378,10368
Kamyab.Ashena.ETF,20210911,10368,10364
Kamyab.Ashena.ETF,20210908,10364,10362
Kamyab.Ashena.ETF,20210907,10362,10326
Kamyab.Ashena.ETF,20210906,10326,10324
Kamyab.Ashena.ETF,20210905,10324,10321
Kamyab.Ashena.ETF,20210904,10321,10317
Kamyab.Ashena.ETF,20210901,10317,10313
Kamyab.Ashena.ETF,20210831,10313,10310
Kamyab.Ashena.ETF,20210830,10310,10319
Kamyab.Ashena.ETF,20210829,10319,10314
Kamyab.Ashena.ETF,20210828,10314,10308
Kamyab.Ashena.ETF,20210825,10308,10308
Kamyab.Ashena.ETF,20210824,10308,10283
Kamyab.Ashena.ETF,20210823,10283,10280
Kamyab.Ashena.ETF,20210822,10280,10261
Kamyab.Ashena.ETF,20210815,10261,10258
Kamyab.Ashena.ETF,20210814,10258,10246
Kamyab.Ashena.ETF,20210811,10246,10241
Kamyab.Ashena.ETF,20210810,10241,10239
Kamyab.Ashena.ETF,20210809,10239,10232
Kamyab.Ashena.ETF,20210808,10232,10000
Kamyab.Ashena.ETF,20210630,10000,10000
Kamyab.Ashena.ETF,20210629,10000,10000
Kamyab.Ashena.ETF,20210628,10000,10000
Kamyab.Ashena.ETF,20210627,10000,10000
Kamyab.Ashena.ETF,20210626,10000,10000
